<?xml version="1.0" encoding="UTF-8"?>
<Configuration>
    <Properties>
        <property name="logging.path">${bundle:application:spring.logging.path}</property>
        <property name="max.size">${bundle:application:spring.logging.max.size}</property>
        <property name="application.name">${bundle:application:spring.application.name}</property>
    </Properties>
 
    <Appenders>
        <Console name="Console" target="SYSTEM_OUT">
            <PatternLayout>
                <pattern>%d %p %C{1.} [%t] %m%n</pattern>
            </PatternLayout>
        </Console>
 
        <RollingFile name="RollingFile"
                     fileName="${logging.path}/${application.name}.log"
                     filePattern="${logging.path}/${application.name}-%d{dd-MMMM-yyyy}-%i.log.gz">
            <PatternLayout>
                <pattern>%d %p %C{1.} [%t] %m%n</pattern>
            </PatternLayout>
            <Policies>
                <OnStartupTriggeringPolicy />
                <SizeBasedTriggeringPolicy size="${max.size}"/>
                <TimeBasedTriggeringPolicy />
            </Policies>
        </RollingFile>
    </Appenders>
 
    <Loggers>
        <Root level="info">
            <AppenderRef ref="Console" />
            <AppenderRef ref="RollingFile" />
        </Root>
 
        <Logger name="com.example.debug" level="trace">
            <AppenderRef ref="RollingFile" />
            <AppenderRef ref="Console" />
        </Logger>
 
        <Logger name="com.example.info" level="info">
            <AppenderRef ref="RollingFile" />
            <AppenderRef ref="Console" />
        </Logger>
 
        <Logger name="com.example.warn" level="warn">
            <AppenderRef ref="RollingFile" />
            <AppenderRef ref="Console" />
        </Logger>
 
        <Logger name="com.example.error" level="error">
            <AppenderRef ref="RollingFile" />
            <AppenderRef ref="Console" />
        </Logger>
 
        <Logger name="com.example.fatal" level="fatal">
            <AppenderRef ref="RollingFile" />
            <AppenderRef ref="Console" />
        </Logger>
    </Loggers>
 
</Configuration>
 